{
  "arabica": [
    {
      "foto": "images/produk/product_capuchino.jpg",
      "nama": "Cappuccino Arabica",
      "size": "150 Ml",
      "harga": "20.000",
      "link": "https://www.google.com/search?q=cappuccino+arabica&tbm=shop"
    },
    {
      "foto": "images/produk/product_espresso.jpg",
      "nama": "Pahit Arabica",
      "size": "100 Ml",
      "harga": "10.000",
      "link": "https://www.google.com/search?q=pahit+arabica&tbm=shop"
    },
    {
      "foto": "images/produk/product_latte.jpg",
      "nama": "Latte Arabica",
      "size": "150 Ml",
      "harga": "15.000",
      "link": "https://www.google.com/search?q=latte+arabica&tbm=shop"
    }
  ],
  "robusta": [
    {
      "foto": "images/produk/product_kopi_susu.jpg",
      "nama": "Kopsus Robusta",
      "size": "100 Ml",
      "harga": "8.000",
      "link": "https://www.google.com/search?q=kopi+susu+robusta&tbm=shop"
    },
    {
      "foto": "images/produk/product_latte.jpg",
      "nama": "Latte Robusta",
      "size": "150 Ml",
      "harga": "15.000",
      "link": "https://www.google.com/search?q=latte+robusta&tbm=shop"
    }
  ],
  "nonkopi": [
    {
      "foto": "https://img.freepik.com/free-photo/top-view-set-ice-cream-cones-with-chocolate_23-2148425392.jpg",
      "nama": "Ice Cream",
      "size": "100 Gram",
      "harga": "10.000",
      "link": "https://www.google.com/search?q=ice+cream+cone&tbm=shop"
    },
    {
      "nama": "Gorengan",
      "size": "150 Gram",
      "harga": "10.000",
      "link": "#",
      "foto": "https://encrypted-tbn0.gstatic.com/images?q=tbn:ANd9GcQVn1_qwlPZwAPrMWIaPkDY2m0tsrWFJwBCe3l7XfSlfoI28cGnhPzV-a3B&s=10"
    },
    {
      "nama": "Pudding",
      "size": "500 gram",
      "harga": "20.000",
      "link": "#",
      "foto": "https://encrypted-tbn0.gstatic.com/images?q=tbn:ANd9GcREBzcfdP8zCpNaYGQy5uej4xM7I8Gt1w300lZ6Cd59WXvn9NNasXcLei4&s=10"
    }
  ],
  "rokok": [
    {
      "nama": "Surya",
      "size": "1 Pcs",
      "harga": "25.000",
      "link": "#",
      "foto": "https://encrypted-tbn0.gstatic.com/images?q=tbn:ANd9GcQjtPKutqG0m0OfEH3Cl7XN5lY9sXBRsDfOSDAauBidkN5DHEL65na5NKI&s=10"
    },
    {
      "nama": "Sampoerna",
      "size": "1 Pcs",
      "harga": "25.000",
      "link": "#",
      "foto": "https://encrypted-tbn0.gstatic.com/images?q=tbn:ANd9GcSK2bY3RL92xLDm7MflKwEfLwh6Cx_CkyZtNS6vASlgFHU9c43T6Y37kVQ&s=10"
    },
    {
      "nama": "HD",
      "size": "1 Pcs",
      "harga": "10.000",
      "link": "#",
      "foto": "https://encrypted-tbn0.gstatic.com/images?q=tbn:ANd9GcRY7UvQz2Flu8Ad_mWGbRp6g3oOcTYObGHuyQs3jQETz61LnByP5s_TwrUC&s=10"
    }
  ]
}